forward_barcode,reverse_barcode,sample name,Well Position
ctcagcaa,attctggaa,G1_11,A1
gttggccaa,ctggatgaa,G1_12,B1
tctctccaa,cttcaataa,G1_1S,C1
cgtcagccaa,ataagaacca,G1_2S,D1
gtatagccaa,gtcctaacca,G1_2W,E1
tcttatccaa,cttattacca,G1_3W,F1
gccgctccaa,cagagagcca,G5_CD,G1
taaccagcaa,ctatcggcca,G5_CW,H1
gaaggtaa,aagttgctaa,G5_C1,A2
gcagttcaa,tgcaacttaa,G5_C2,B2
ggtccatcaa,cttgccga,CB_01,C2
ttacgctcaa,acgttcga,CB_02,D2
gtacggca,ctgatgga,G5_11,E2
gcatatca,actgaata,G5_12,F2
agcagtca,gtagcata,G5_31,G2
gcgcaaga,gccttata,G5_32,H2
ttacctcaa,aatccaga,G5_21,A3
agcctggcaa,ggaataga,G5_22,B3
cgcctcca,aaggaataa,G5_1S,C3
acgccgca,gatagataa,G5_2S,D3
cgctgagaa,gcgctataa,G5_1W,E3
tagaacgaa,gtaacctaa,P7_31,F3
ggcgccgaa,acctagtaa,P7_32,G3
ttattcgaa,gctgcgtaa,P7_33,H3
cttgcagcaa,agcaatgaa,P7_51,A4
aattacca,caacttgaa,P7_52,B4
aggccagaa,cgctcaacca,P7_11,C4
gcatcagaa,cctcgaacca,P7_5S,D4
ccgtcaagaa,ctgcagacca,P7_4S,E4
ctccgaagaa,accgttacca,P7_3S,F4
ttggtaagaa,cattacgcca,G7_31,G4
tcctcttgaa,tgagctgcca,G7_32,H4
acgagtcaa,atagtcgtaa,G7_21,A5
ggtaatgcaa,aagccaacca,G7_22,B5
tccatatcaa,gaccgcga,G7_CD,C5
gatgcgca,tataagga,G7_CW,D5
cttcatca,tggactga,G7_1S,E5
tccgctca,tagtaata,G7_2S,F5
gagcttca,atccgata,G7_3S,G5
ggaatggaa,tgctgcta,P5_31,H5
agaaccgcaa,cctagaga,P5_32,A6
ataatcca,ttcgtaga,P5_11,B6
cgaacgca,ttctcataa,P5_12,C6
ataagagaa,ccaggataa,P5_51,D6
tccatagaa,agattataa,P5_52,E6
actgacgaa,cagtcctaa,P5_1S,F6
ccgcgcgaa,tggacgtaa,P5_2S,G6
tctcgcataa,ctcaggtaa,P5_1W,H6
gtcgacca,acctcgtcca,G3_11,A7
tgagaagaa,aagaggta,G3_12,B7
catgcagaa,aattggagca,G3_1S,C7
gacgcaagaa,aactctcgca,G3_2S,D7
tcaagaagaa,aatataac,G3_3S,E7
ggttgaagaa,cttaagac,G3_4S,F7
tggaccagaa,aggacgac,P2_11,G7
agctaaga,cgcttgac,P2_12,H7
aacgccaa,ccagtcta,P2_13,A8
tgaagccaa,aggcgcagca,P2_14,B8
atcggaccaa,cctccaac,P2_15,C8
ctgataccaa,cctatacca,P2_16,D8
tgagagaa,actccgcca,P2_CW,E8
ggtaggaa,cggaggcca,P2_CD,F8
ggccataa,gcgttgcca,P2_3S,G8
catactaa,gatcgtcca,P2_4S,H8
ccagaaccaa,taacggtaa,P2_5S,A9
agacgcaa,ttcaatta,P2_1W,B9
tagatcaa,gtcagacca,G1_13,C9
aataagcaa,aatgcaggca,G1_14,D9
tcggagcaa,ttaattggca,G1_15,E9
ccaacgcaa,agaacttgca,G1_41,F9
atcgcgcaa,ttatgcatca,G1_42,G9
ccttatcaa,gcttgcctca,G1_43,H9
cggtccaa,cgaggaagca,G1_3S,A10
aaccgccaa,catctcagca,G1_4S,B10
ctgatccaa,caggaacgca,G1_4W,C10
accaagccaa,acctgaac,P4_11,D10
taggagccaa,gcggtaac,P4_31,E10
gatacgccaa,gacgagac,P4_41,F10
ttaactccaa,tattggac,P4_42,G10
tgcgaagcaa,taggctac,P4_CD,H10
aggtaccaa,atatagta,P4_CW,A11
tcgcgaccaa,ccgcgtta,P4_1S,B11
cattgaccaa,ttgcgaac,P4_2S,C11
cagcagaa,cttgagcca,P4_3S,D11
gtctcgaa,ggagcgcca,G6_11,E11
ccatggaa,ataatgcca,G6_12,F11
atggataa,tagactcca,G6_21,G11
ttacctaa,ctccttcca,G6_22,H11
aggtaaccaa,aatccttaa,G6_23,A12
tctggcaa,ggttaacca,G6_CD,B12
gttctcaa,agacgacca,G6_CW,C12
cgccagcaa,ttggacggca,G6_1S,D12
gtatagcaa,cataattgca,G6_2S,E12
gagccgcaa,caattaatca,P6_11,F12
tacttgcaa,tattctatca,P6_12,G12
ggtactcaa,agcatgctca,P6_13,H12
gttggccaa,attctggaa,G1_11,A1
tctctccaa,ctggatgaa,G1_12,B1
cgtcagccaa,cttcaataa,G1_1S,C1
gtatagccaa,ataagaacca,G1_2S,D1
tcttatccaa,gtcctaacca,G1_2W,E1
gccgctccaa,cttattacca,G1_3W,F1
taaccagcaa,cagagagcca,G5_CD,G1
gaaggtaa,ctatcggcca,G5_CW,H1
gcagttcaa,aagttgctaa,G5_C1,A2
ggtccatcaa,tgcaacttaa,G5_C2,B2
ttacgctcaa,cttgccga,CB_01,C2
gtacggca,acgttcga,CB_02,D2
gcatatca,ctgatgga,G5_11,E2
agcagtca,actgaata,G5_12,F2
gcgcaaga,gtagcata,G5_31,G2
ttacctcaa,gccttata,G5_32,H2
agcctggcaa,aatccaga,G5_21,A3
cgcctcca,ggaataga,G5_22,B3
acgccgca,aaggaataa,G5_1S,C3
cgctgagaa,gatagataa,G5_2S,D3
tagaacgaa,gcgctataa,G5_1W,E3
ggcgccgaa,gtaacctaa,P7_31,F3
ttattcgaa,acctagtaa,P7_32,G3
cttgcagcaa,gctgcgtaa,P7_33,H3
aattacca,agcaatgaa,P7_51,A4
aggccagaa,caacttgaa,P7_52,B4
gcatcagaa,cgctcaacca,P7_11,C4
ccgtcaagaa,cctcgaacca,P7_5S,D4
ctccgaagaa,ctgcagacca,P7_4S,E4
ttggtaagaa,accgttacca,P7_3S,F4
tcctcttgaa,cattacgcca,G7_31,G4
acgagtcaa,tgagctgcca,G7_32,H4
ggtaatgcaa,atagtcgtaa,G7_21,A5
tccatatcaa,aagccaacca,G7_22,B5
gatgcgca,gaccgcga,G7_CD,C5
cttcatca,tataagga,G7_CW,D5
tccgctca,tggactga,G7_1S,E5
gagcttca,tagtaata,G7_2S,F5
ggaatggaa,atccgata,G7_3S,G5
agaaccgcaa,tgctgcta,P5_31,H5
ataatcca,cctagaga,P5_32,A6
cgaacgca,ttcgtaga,P5_11,B6
ataagagaa,ttctcataa,P5_12,C6
tccatagaa,ccaggataa,P5_51,D6
actgacgaa,agattataa,P5_52,E6
ccgcgcgaa,cagtcctaa,P5_1S,F6
tctcgcataa,tggacgtaa,P5_2S,G6
gtcgacca,ctcaggtaa,P5_1W,H6
tgagaagaa,acctcgtcca,G3_11,A7
catgcagaa,aagaggta,G3_12,B7
gacgcaagaa,aattggagca,G3_1S,C7
tcaagaagaa,aactctcgca,G3_2S,D7
ggttgaagaa,aatataac,G3_3S,E7
tggaccagaa,cttaagac,G3_4S,F7
agctaaga,aggacgac,P2_11,G7
aacgccaa,cgcttgac,P2_12,H7
tgaagccaa,ccagtcta,P2_13,A8
atcggaccaa,aggcgcagca,P2_14,B8
ctgataccaa,cctccaac,P2_15,C8
tgagagaa,cctatacca,P2_16,D8
ggtaggaa,actccgcca,P2_CW,E8
ggccataa,cggaggcca,P2_CD,F8
catactaa,gcgttgcca,P2_3S,G8
ccagaaccaa,gatcgtcca,P2_4S,H8
agacgcaa,taacggtaa,P2_5S,A9
tagatcaa,ttcaatta,P2_1W,B9
aataagcaa,gtcagacca,G1_13,C9
tcggagcaa,aatgcaggca,G1_14,D9
ccaacgcaa,ttaattggca,G1_15,E9
atcgcgcaa,agaacttgca,G1_41,F9
ccttatcaa,ttatgcatca,G1_42,G9
cggtccaa,gcttgcctca,G1_43,H9
aaccgccaa,cgaggaagca,G1_3S,A10
ctgatccaa,catctcagca,G1_4S,B10
accaagccaa,caggaacgca,G1_4W,C10
taggagccaa,acctgaac,P4_11,D10
gatacgccaa,gcggtaac,P4_31,E10
ttaactccaa,gacgagac,P4_41,F10
tgcgaagcaa,tattggac,P4_42,G10
aggtaccaa,taggctac,P4_CD,H10
tcgcgaccaa,atatagta,P4_CW,A11
cattgaccaa,ccgcgtta,P4_1S,B11
cagcagaa,ttgcgaac,P4_2S,C11
gtctcgaa,cttgagcca,P4_3S,D11
ccatggaa,ggagcgcca,G6_11,E11
atggataa,ataatgcca,G6_12,F11
ttacctaa,tagactcca,G6_21,G11
aggtaaccaa,ctccttcca,G6_22,H11
tctggcaa,aatccttaa,G6_23,A12
gttctcaa,ggttaacca,G6_CD,B12
cgccagcaa,agacgacca,G6_CW,C12
gtatagcaa,ttggacggca,G6_1S,D12
gagccgcaa,cataattgca,G6_2S,E12
tacttgcaa,caattaatca,P6_11,F12
ggtactcaa,tattctatca,P6_12,G12
ctcagcaa,agcatgctca,P6_13,H12
tctctccaa,attctggaa,P6_14,A1
cgtcagccaa,ctggatgaa,P6_CD,B1
gtatagccaa,cttcaataa,P6_CW,C1
tcttatccaa,ataagaacca,P6_1S,D1
gccgctccaa,gtcctaacca,P6_2S,E1
taaccagcaa,cttattacca,P6_3S,F1
gaaggtaa,cagagagcca,G7_1W,G1
gcagttcaa,ctatcggcca,G7_2W,H1
ggtccatcaa,aagttgctaa,G7_C1,A2
ttacgctcaa,tgcaacttaa,G7_C2,B2
gtacggca,cttgccga,G7_C3,C2
gcatatca,acgttcga,G7_4S,D2
agcagtca,ctgatgga,P7_12,E2
gcgcaaga,actgaata,P7_13,F2
ttacctcaa,gtagcata,P7_14,G2
agcctggcaa,gccttata,P7_21,H2
cgcctcca,aatccaga,P7_22,A3
acgccgca,ggaataga,P7_CD,B3
cgctgagaa,aaggaataa,P7_CW,C3
tagaacgaa,gatagataa,P7_1W,D3
ggcgccgaa,gcgctataa,P7_3W,E3
ttattcgaa,gtaacctaa,P7_4W,F3
cttgcagcaa,acctagtaa,P7_1S,G3
aattacca,gctgcgtaa,P7_2S,H3
aggccagaa,agcaatgaa,G6_24,A4
gcatcagaa,caacttgaa,G6_31,B4
ccgtcaagaa,cgctcaacca,G6_32,C4
ctccgaagaa,cctcgaacca,G6_33,D4
ttggtaagaa,ctgcagacca,G6_34,E4
tcctcttgaa,accgttacca,G6_35,F4
acgagtcaa,cattacgcca,G6_41,G4
ggtaatgcaa,tgagctgcca,G6_1W,H4
tccatatcaa,atagtcgtaa,G6_3S,A5
gatgcgca,aagccaacca,G6_4S,B5
cttcatca,gaccgcga,P7_34,C5
tccgctca,tataagga,P7_53,D5
gagcttca,tggactga,P7_54,E5
ggaatggaa,tagtaata,P7_55,F5
agaaccgcaa,atccgata,P7_56,G5
ataatcca,tgctgcta,P7_5W,H5
cgaacgca,cctagaga,CB_03,A6
ataagagaa,ttcgtaga,CB_04,B6
tccatagaa,ttctcataa,G4_11,C6
actgacgaa,ccaggataa,G4_12,D6
ccgcgcgaa,agattataa,G4_21,E6
tctcgcataa,cagtcctaa,G4_22,F6
gtcgacca,tggacgtaa,G4_31,G6
tgagaagaa,ctcaggtaa,G4_CD,H6
catgcagaa,acctcgtcca,G4_CW,A7
gacgcaagaa,aagaggta,G4_1S,B7
tcaagaagaa,aattggagca,G4_2S,C7
ggttgaagaa,aactctcgca,P3_11,D7
tggaccagaa,aatataac,P3_21,E7
agctaaga,cttaagac,P3_22,F7
aacgccaa,aggacgac,P3_31,G7
tgaagccaa,cgcttgac,P3_CD,H7
atcggaccaa,ccagtcta,P3_CW,A8
ctgataccaa,aggcgcagca,P3_1S,B8
tgagagaa,cctccaac,P3_2S,C8
ggtaggaa,cctatacca,P3_3S,D8
ggccataa,actccgcca,P4_51,E8
catactaa,cggaggcca,P4_52,F8
ccagaaccaa,gcgttgcca,P4_53,G8
agacgcaa,gatcgtcca,P4_1W,H8
tagatcaa,taacggtaa,P4_2W,A9
aataagcaa,ttcaatta,P4_3W,B9
tcggagcaa,gtcagacca,P4_4S,C9
ccaacgcaa,aatgcaggca,P4_5S,D9
atcgcgcaa,ttaattggca,G5_23,E9
ccttatcaa,agaacttgca,G5_33,F9
cggtccaa,ttatgcatca,G5_2W,G9
aaccgccaa,gcttgcctca,G5_3S,H9
ctgatccaa,cgaggaagca,G5_4S,A10
accaagccaa,catctcagca,CB_05,B10
taggagccaa,caggaacgca,G7_3W,C10
gatacgccaa,acctgaac,G7_4W,D10
ttaactccaa,gcggtaac,G7_C4,E10
tgcgaagcaa,gacgagac,G7_C5,F10
aggtaccaa,tattggac,G1_21,G10
tcgcgaccaa,taggctac,G1_22,H10
cattgaccaa,atatagta,G1_23,A11
cagcagaa,ccgcgtta,G1_31,B11
gtctcgaa,ttgcgaac,G1_32,C11
ccatggaa,cttgagcca,G1_33,D11
atggataa,ggagcgcca,G1_44,E11
ttacctaa,ataatgcca,G1_45,F11
aggtaaccaa,tagactcca,CB_06,G11
tctggcaa,ctccttcca,P5_13,H11
gttctcaa,aatccttaa,P5_33,A12
cgccagcaa,ggttaacca,P5_53,B12
gtatagcaa,agacgacca,P5_CW,C12
gagccgcaa,ttggacggca,P5_2W,D12
tacttgcaa,cataattgca,P5_3W,E12
ggtactcaa,caattaatca,P5_3S,F12
ctcagcaa,tattctatca,P5_4S,G12
gttggccaa,agcatgctca,P5_5S,H12
cgtcagccaa,attctggaa,P6_14,A1
gtatagccaa,ctggatgaa,P6_CD,B1
tcttatccaa,cttcaataa,P6_CW,C1
gccgctccaa,ataagaacca,P6_1S,D1
taaccagcaa,gtcctaacca,P6_2S,E1
gaaggtaa,cttattacca,P6_3S,F1
gcagttcaa,cagagagcca,G7_1W,G1
ggtccatcaa,ctatcggcca,G7_2W,H1
ttacgctcaa,aagttgctaa,G7_C1,A2
gtacggca,tgcaacttaa,G7_C2,B2
gcatatca,cttgccga,G7_C3,C2
agcagtca,acgttcga,G7_4S,D2
gcgcaaga,ctgatgga,P7_12,E2
ttacctcaa,actgaata,P7_13,F2
agcctggcaa,gtagcata,P7_14,G2
cgcctcca,gccttata,P7_21,H2
acgccgca,aatccaga,P7_22,A3
cgctgagaa,ggaataga,P7_CD,B3
tagaacgaa,aaggaataa,P7_CW,C3
ggcgccgaa,gatagataa,P7_1W,D3
ttattcgaa,gcgctataa,P7_3W,E3
cttgcagcaa,gtaacctaa,P7_4W,F3
aattacca,acctagtaa,P7_1S,G3
aggccagaa,gctgcgtaa,P7_2S,H3
gcatcagaa,agcaatgaa,G6_24,A4
ccgtcaagaa,caacttgaa,G6_31,B4
ctccgaagaa,cgctcaacca,G6_32,C4
ttggtaagaa,cctcgaacca,G6_33,D4
tcctcttgaa,ctgcagacca,G6_34,E4
acgagtcaa,accgttacca,G6_35,F4
ggtaatgcaa,cattacgcca,G6_41,G4
tccatatcaa,tgagctgcca,G6_1W,H4
gatgcgca,atagtcgtaa,G6_3S,A5
cttcatca,aagccaacca,G6_4S,B5
tccgctca,gaccgcga,P7_34,C5
gagcttca,tataagga,P7_53,D5
ggaatggaa,tggactga,P7_54,E5
agaaccgcaa,tagtaata,P7_55,F5
ataatcca,atccgata,P7_56,G5
cgaacgca,tgctgcta,P7_5W,H5
ataagagaa,cctagaga,CB_03,A6
tccatagaa,ttcgtaga,CB_04,B6
actgacgaa,ttctcataa,G4_11,C6
ccgcgcgaa,ccaggataa,G4_12,D6
tctcgcataa,agattataa,G4_21,E6
gtcgacca,cagtcctaa,G4_22,F6
tgagaagaa,tggacgtaa,G4_31,G6
catgcagaa,ctcaggtaa,G4_CD,H6
gacgcaagaa,acctcgtcca,G4_CW,A7
tcaagaagaa,aagaggta,G4_1S,B7
ggttgaagaa,aattggagca,G4_2S,C7
tggaccagaa,aactctcgca,P3_11,D7
agctaaga,aatataac,P3_21,E7
aacgccaa,cttaagac,P3_22,F7
tgaagccaa,aggacgac,P3_31,G7
atcggaccaa,cgcttgac,P3_CD,H7
ctgataccaa,ccagtcta,P3_CW,A8
tgagagaa,aggcgcagca,P3_1S,B8
ggtaggaa,cctccaac,P3_2S,C8
ggccataa,cctatacca,P3_3S,D8
catactaa,actccgcca,P4_51,E8
ccagaaccaa,cggaggcca,P4_52,F8
agacgcaa,gcgttgcca,P4_53,G8
tagatcaa,gatcgtcca,P4_1W,H8
aataagcaa,taacggtaa,P4_2W,A9
tcggagcaa,ttcaatta,P4_3W,B9
ccaacgcaa,gtcagacca,P4_4S,C9
atcgcgcaa,aatgcaggca,P4_5S,D9
ccttatcaa,ttaattggca,G5_23,E9
cggtccaa,agaacttgca,G5_33,F9
aaccgccaa,ttatgcatca,G5_2W,G9
ctgatccaa,gcttgcctca,G5_3S,H9
accaagccaa,cgaggaagca,G5_4S,A10
taggagccaa,catctcagca,CB_05,B10
gatacgccaa,caggaacgca,G7_3W,C10
ttaactccaa,acctgaac,G7_4W,D10
tgcgaagcaa,gcggtaac,G7_C4,E10
aggtaccaa,gacgagac,G7_C5,F10
tcgcgaccaa,tattggac,G1_21,G10
cattgaccaa,taggctac,G1_22,H10
cagcagaa,atatagta,G1_23,A11
gtctcgaa,ccgcgtta,G1_31,B11
ccatggaa,ttgcgaac,G1_32,C11
atggataa,cttgagcca,G1_33,D11
ttacctaa,ggagcgcca,G1_44,E11
aggtaaccaa,ataatgcca,G1_45,F11
tctggcaa,tagactcca,CB_06,G11
gttctcaa,ctccttcca,P5_13,H11
cgccagcaa,aatccttaa,P5_33,A12
gtatagcaa,ggttaacca,P5_53,B12
gagccgcaa,agacgacca,P5_CW,C12
tacttgcaa,ttggacggca,P5_2W,D12
ggtactcaa,cataattgca,P5_3W,E12
ctcagcaa,caattaatca,P5_3S,F12
gttggccaa,tattctatca,P5_4S,G12
tctctccaa,agcatgctca,P5_5S,H12
gtatagccaa,attctggaa,G4_13,A1
tcttatccaa,ctggatgaa,G4_14,B1
gccgctccaa,cttcaataa,G4_23,C1
taaccagcaa,ataagaacca,G4_24,D1
gaaggtaa,gtcctaacca,G4_32,E1
gcagttcaa,cttattacca,G4_33,F1
ggtccatcaa,cagagagcca,G4_41,G1
ttacgctcaa,ctatcggcca,G4_42,H1
gtacggca,aagttgctaa,G4_43,A2
gcatatca,tgcaacttaa,G4_3S,B2
agcagtca,cttgccga,G4_4S,C2
gcgcaaga,acgttcga,P5_14,D2
ttacctcaa,ctgatgga,P5_34,E2
agcctggcaa,actgaata,P5_41,F2
cgcctcca,gtagcata,P5_54,G2
acgccgca,gccttata,P5_CD,H2
cgctgagaa,aatccaga,P5_4W,A3
tagaacgaa,ggaataga,P5_5W,B3
ggcgccgaa,aaggaataa,G2_21,C3
ttattcgaa,gatagataa,G2_41,D3
cttgcagcaa,gcgctataa,G2_42,E3
aattacca,gtaacctaa,G2_43,F3
aggccagaa,acctagtaa,G2_CD,G3
gcatcagaa,gctgcgtaa,G2_1W,H3
ccgtcaagaa,agcaatgaa,G2_2W,A4
ctccgaagaa,caacttgaa,G2_1S,B4
ttggtaagaa,cgctcaacca,G2_2S,C4
tcctcttgaa,cctcgaacca,P2_17,D4
acgagtcaa,ctgcagacca,P2_18,E4
ggtaatgcaa,accgttacca,P2_21,F4
tccatatcaa,cattacgcca,P2_22,G4
gatgcgca,tgagctgcca,P2_C1,H4
cttcatca,atagtcgtaa,P2_C2,A5
tccgctca,aagccaacca,P2_1S,B5
gagcttca,gaccgcga,P2_2S,C5
ggaatggaa,tataagga,CB_07,D5
agaaccgcaa,tggactga,G5_13,E5
ataatcca,tagtaata,G5_14,F5
cgaacgca,atccgata,G5_24,G5
ataagagaa,tgctgcta,G5_25,H5
tccatagaa,cctagaga,G5_34,A6
actgacgaa,ttcgtaga,G5_35,B6
ccgcgcgaa,ttctcataa,G5_41,C6
tctcgcataa,ccaggataa,G5_C3,D6
gtcgacca,agattataa,G5_C4,E6
tgagaagaa,cagtcctaa,P6_21,F6
catgcagaa,tggacgtaa,P6_22,G6
gacgcaagaa,ctcaggtaa,P6_41,H6
tcaagaagaa,acctcgtcca,P6_51,A7
ggttgaagaa,aagaggta,P6_52,B7
tggaccagaa,aattggagca,P6_1W,C7
agctaaga,aactctcgca,P6_2W,D7
aacgccaa,aatataac,P6_4S,E7
tgaagccaa,cttaagac,P6_5S,F7
atcggaccaa,aggacgac,G1_24,G7
ctgataccaa,cgcttgac,G1_25,H7
tgagagaa,ccagtcta,G1_26,A8
ggtaggaa,aggcgcagca,G1_27,B8
ggccataa,cctccaac,G1_28,C8
catactaa,cctatacca,G1_34,D8
ccagaaccaa,actccgcca,G1_35,E8
agacgcaa,cggaggcca,G1_36,F8
tagatcaa,gcgttgcca,G1_37,G8
aataagcaa,gatcgtcca,G1_38,H8
tcggagcaa,taacggtaa,G1_46,A9
ccaacgcaa,ttcaatta,P2_23,B9
atcgcgcaa,gtcagacca,P2_24,C9
ccttatcaa,aatgcaggca,P2_31,D9
cggtccaa,ttaattggca,P2_32,E9
aaccgccaa,agaacttgca,P2_41,F9
ctgatccaa,ttatgcatca,P2_42,G9
accaagccaa,gcttgcctca,CB_08,H9
taggagccaa,cgaggaagca,G5_15,A10
gatacgccaa,catctcagca,G5_3W,B10
ttaactccaa,caggaacgca,G5_42,C10
tgcgaagcaa,acctgaac,G5_4W,D10
aggtaccaa,gcggtaac,G5_C5,E10
tcgcgaccaa,gacgagac,P2_25,F10
cattgaccaa,tattggac,P2_26,G10
cagcagaa,taggctac,P2_33,H10
gtctcgaa,atatagta,P2_34,A11
ccatggaa,ccgcgtta,P2_35,B11
atggataa,ttgcgaac,P2_43,C11
ttacctaa,cttgagcca,P2_44,D11
aggtaaccaa,ggagcgcca,P2_51,E11
tctggcaa,ataatgcca,P2_52,F11
gttctcaa,tagactcca,P2_2W,G11
cgccagcaa,ctccttcca,P2_3W,H11
gtatagcaa,aatccttaa,P2_C3,A12
gagccgcaa,ggttaacca,P2_C4,B12
tacttgcaa,agacgacca,P1_11,C12
ggtactcaa,ttggacggca,P1_21,D12
ctcagcaa,cataattgca,P1_31,E12
gttggccaa,caattaatca,P1_41,F12
tctctccaa,tattctatca,P1_1S,G12
cgtcagccaa,agcatgctca,P1_2S,H12
tcttatccaa,attctggaa,G4_13,A1
gccgctccaa,ctggatgaa,G4_14,B1
taaccagcaa,cttcaataa,G4_23,C1
gaaggtaa,ataagaacca,G4_24,D1
gcagttcaa,gtcctaacca,G4_32,E1
ggtccatcaa,cttattacca,G4_33,F1
ttacgctcaa,cagagagcca,G4_41,G1
gtacggca,ctatcggcca,G4_42,H1
gcatatca,aagttgctaa,G4_43,A2
agcagtca,tgcaacttaa,G4_3S,B2
gcgcaaga,cttgccga,G4_4S,C2
ttacctcaa,acgttcga,P5_14,D2
agcctggcaa,ctgatgga,P5_34,E2
cgcctcca,actgaata,P5_41,F2
acgccgca,gtagcata,P5_54,G2
cgctgagaa,gccttata,P5_CD,H2
tagaacgaa,aatccaga,P5_4W,A3
ggcgccgaa,ggaataga,P5_5W,B3
ttattcgaa,aaggaataa,G2_21,C3
cttgcagcaa,gatagataa,G2_41,D3
aattacca,gcgctataa,G2_42,E3
aggccagaa,gtaacctaa,G2_43,F3
gcatcagaa,acctagtaa,G2_CD,G3
ccgtcaagaa,gctgcgtaa,G2_1W,H3
ctccgaagaa,agcaatgaa,G2_2W,A4
ttggtaagaa,caacttgaa,G2_1S,B4
tcctcttgaa,cgctcaacca,G2_2S,C4
acgagtcaa,cctcgaacca,P2_17,D4
ggtaatgcaa,ctgcagacca,P2_18,E4
tccatatcaa,accgttacca,P2_21,F4
gatgcgca,cattacgcca,P2_22,G4
cttcatca,tgagctgcca,P2_C1,H4
tccgctca,atagtcgtaa,P2_C2,A5
gagcttca,aagccaacca,P2_1S,B5
ggaatggaa,gaccgcga,P2_2S,C5
agaaccgcaa,tataagga,CB_07,D5
ataatcca,tggactga,G5_13,E5
cgaacgca,tagtaata,G5_14,F5
ataagagaa,atccgata,G5_24,G5
tccatagaa,tgctgcta,G5_25,H5
actgacgaa,cctagaga,G5_34,A6
ccgcgcgaa,ttcgtaga,G5_35,B6
tctcgcataa,ttctcataa,G5_41,C6
gtcgacca,ccaggataa,G5_C3,D6
tgagaagaa,agattataa,G5_C4,E6
catgcagaa,cagtcctaa,P6_21,F6
gacgcaagaa,tggacgtaa,P6_22,G6
tcaagaagaa,ctcaggtaa,P6_41,H6
ggttgaagaa,acctcgtcca,P6_51,A7
tggaccagaa,aagaggta,P6_52,B7
agctaaga,aattggagca,P6_1W,C7
aacgccaa,aactctcgca,P6_2W,D7
tgaagccaa,aatataac,P6_4S,E7
atcggaccaa,cttaagac,P6_5S,F7
ctgataccaa,aggacgac,G1_24,G7
tgagagaa,cgcttgac,G1_25,H7
ggtaggaa,ccagtcta,G1_26,A8
ggccataa,aggcgcagca,G1_27,B8
catactaa,cctccaac,G1_28,C8
ccagaaccaa,cctatacca,G1_34,D8
agacgcaa,actccgcca,G1_35,E8
tagatcaa,cggaggcca,G1_36,F8
aataagcaa,gcgttgcca,G1_37,G8
tcggagcaa,gatcgtcca,G1_38,H8
ccaacgcaa,taacggtaa,G1_46,A9
atcgcgcaa,ttcaatta,P2_23,B9
ccttatcaa,gtcagacca,P2_24,C9
cggtccaa,aatgcaggca,P2_31,D9
aaccgccaa,ttaattggca,P2_32,E9
ctgatccaa,agaacttgca,P2_41,F9
accaagccaa,ttatgcatca,P2_42,G9
taggagccaa,gcttgcctca,CB_08,H9
gatacgccaa,cgaggaagca,G5_15,A10
ttaactccaa,catctcagca,G5_3W,B10
tgcgaagcaa,caggaacgca,G5_42,C10
aggtaccaa,acctgaac,G5_4W,D10
tcgcgaccaa,gcggtaac,G5_C5,E10
cattgaccaa,gacgagac,P2_25,F10
cagcagaa,tattggac,P2_26,G10
gtctcgaa,taggctac,P2_33,H10
ccatggaa,atatagta,P2_34,A11
atggataa,ccgcgtta,P2_35,B11
ttacctaa,ttgcgaac,P2_43,C11
aggtaaccaa,cttgagcca,P2_44,D11
tctggcaa,ggagcgcca,P2_51,E11
gttctcaa,ataatgcca,P2_52,F11
cgccagcaa,tagactcca,P2_2W,G11
gtatagcaa,ctccttcca,P2_3W,H11
gagccgcaa,aatccttaa,P2_C3,A12
tacttgcaa,ggttaacca,P2_C4,B12
ggtactcaa,agacgacca,P1_11,C12
ctcagcaa,ttggacggca,P1_21,D12
gttggccaa,cataattgca,P1_31,E12
tctctccaa,caattaatca,P1_41,F12
cgtcagccaa,tattctatca,P1_1S,G12
gtatagccaa,agcatgctca,P1_2S,H12
gccgctccaa,attctggaa,P1_3S,A1
taaccagcaa,ctggatgaa,CB_09,B1
gaaggtaa,cttcaataa,P2_36,C1
gcagttcaa,ataagaacca,P2_37,D1
ggtccatcaa,gtcctaacca,P2_45,E1
ttacgctcaa,cttattacca,P2_46,F1
gtacggca,cagagagcca,P2_53,G1
gcatatca,ctatcggcca,P2_54,H1
agcagtca,aagttgctaa,P2_55,A2
gcgcaaga,tgcaacttaa,P2_4W,B2
ttacctcaa,cttgccga,P2_5W,C2
agcctggcaa,acgttcga,P2_C5,D2
cgcctcca,ctgatgga,P4_54,E2
acgccgca,actgaata,P4_55,F2
cgctgagaa,gtagcata,P4_56,G2
tagaacgaa,gccttata,P4_4W,H2
ggcgccgaa,aatccaga,P4_5W,A3
ttattcgaa,ggaataga,P6_53,B3
cttgcagcaa,aaggaataa,P6_54,C3
aattacca,gatagataa,P6_3W,D3
aggccagaa,gcgctataa,P6_4W,E3
gcatcagaa,gtaacctaa,P6_5W,F3
ccgtcaagaa,acctagtaa,G4_34,G3
ctccgaagaa,gctgcgtaa,G4_1W,H3
ttggtaagaa,agcaatgaa,G4_2W,A4
tcctcttgaa,caacttgaa,G6_42,B4
acgagtcaa,cgctcaacca,G6_43,C4
ggtaatgcaa,cctcgaacca,G6_2W,D4
tccatatcaa,ctgcagacca,G6_3W,E4
gatgcgca,accgttacca,G6_4W,F4
cttcatca,cattacgcca,P1_16,G4
tccgctca,tgagctgcca,P1_17,H4
gagcttca,atagtcgtaa,P1_1W,A5
ggaatggaa,aagccaacca,P1_2W,B5
agaaccgcaa,gaccgcga,P1_3W,C5
ataatcca,tataagga,P1_4S,D5
cgaacgca,tggactga,P1_5S,E5
ataagagaa,tagtaata,CB_10,F5
tccatagaa,atccgata,P3_32,G5
actgacgaa,tgctgcta,P3_41,H5
ccgcgcgaa,cctagaga,P3_42,A6
tctcgcataa,ttcgtaga,P3_51,B6
gtcgacca,ttctcataa,P3_1W,C6
tgagaagaa,ccaggataa,P3_2W,D6
catgcagaa,agattataa,P3_3W,E6
gacgcaagaa,cagtcctaa,P3_5W,F6
tcaagaagaa,tggacgtaa,P3_4S,G6
ggttgaagaa,ctcaggtaa,P3_5S,H6
tggaccagaa,acctcgtcca,G2_3W,A7
agctaaga,aagaggta,G2_4W,B7
aacgccaa,aattggagca,G2_3S,C7
tgaagccaa,aactctcgca,G2_4S,D7
atcggaccaa,aatataac,P1_12,E7
ctgataccaa,cttaagac,P1_13,F7
tgagagaa,aggacgac,P1_22,G7
ggtaggaa,cgcttgac,P1_23,H7
ggccataa,ccagtcta,P1_24,A8
catactaa,aggcgcagca,P1_32,B8
ccagaaccaa,cctccaac,P1_33,C8
agacgcaa,cctatacca,P1_34,D8
tagatcaa,actccgcca,P1_42,E8
aataagcaa,cggaggcca,P1_43,F8
tcggagcaa,gcgttgcca,P1_51,G8
ccaacgcaa,gatcgtcca,P1_52,H8
atcgcgcaa,taacggtaa,P1_CD,A9
ccttatcaa,ttcaatta,P1_4W,B9
cggtccaa,gtcagacca,P1_14,C9
aaccgccaa,aatgcaggca,P1_35,D9
ctgatccaa,ttaattggca,P1_53,E9
accaagccaa,agaacttgca,P1_5W,F9
taggagccaa,ttatgcatca,CB_11,G9
gatacgccaa,gcttgcctca,G4_25,H9
ttaactccaa,cgaggaagca,G4_35,A10
tgcgaagcaa,catctcagca,G4_44,B10
aggtaccaa,caggaacgca,G4_3W,C10
tcgcgaccaa,acctgaac,G4_4W,D10
cattgaccaa,gcggtaac,G8_CD,E10
cagcagaa,gacgagac,G8_1W,F10
gtctcgaa,tattggac,G8_2W,G10
ccatggaa,taggctac,G8_C1,H10
atggataa,atatagta,G8_C2,A11
ttacctaa,ccgcgtta,G8_C3,B11
aggtaaccaa,ttgcgaac,P1_15,C11
tctggcaa,cttgagcca,P1_25,D11
gttctcaa,ggagcgcca,P1_26,E11
cgccagcaa,ataatgcca,P1_36,F11
gtatagcaa,tagactcca,P1_37,G11
gagccgcaa,ctccttcca,P1_38,H11
tacttgcaa,aatccttaa,P1_44,A12
ggtactcaa,ggttaacca,P1_45,B12
ctcagcaa,agacgacca,P1_54,C12
gttggccaa,ttggacggca,P1_55,D12
tctctccaa,cataattgca,CB_12,E12
cgtcagccaa,caattaatca,G8_CW,F12
gtatagccaa,tattctatca,G8_C4,G12
tcttatccaa,agcatgctca,G8_C5,H12
taaccagcaa,attctggaa,P1_3S,A1
gaaggtaa,ctggatgaa,CB_09,B1
gcagttcaa,cttcaataa,P2_36,C1
ggtccatcaa,ataagaacca,P2_37,D1
ttacgctcaa,gtcctaacca,P2_45,E1
gtacggca,cttattacca,P2_46,F1
gcatatca,cagagagcca,P2_53,G1
agcagtca,ctatcggcca,P2_54,H1
gcgcaaga,aagttgctaa,P2_55,A2
ttacctcaa,tgcaacttaa,P2_4W,B2
agcctggcaa,cttgccga,P2_5W,C2
cgcctcca,acgttcga,P2_C5,D2
acgccgca,ctgatgga,P4_54,E2
cgctgagaa,actgaata,P4_55,F2
tagaacgaa,gtagcata,P4_56,G2
ggcgccgaa,gccttata,P4_4W,H2
ttattcgaa,aatccaga,P4_5W,A3
cttgcagcaa,ggaataga,P6_53,B3
aattacca,aaggaataa,P6_54,C3
aggccagaa,gatagataa,P6_3W,D3
gcatcagaa,gcgctataa,P6_4W,E3
ccgtcaagaa,gtaacctaa,P6_5W,F3
ctccgaagaa,acctagtaa,G4_34,G3
ttggtaagaa,gctgcgtaa,G4_1W,H3
tcctcttgaa,agcaatgaa,G4_2W,A4
acgagtcaa,caacttgaa,G6_42,B4
ggtaatgcaa,cgctcaacca,G6_43,C4
tccatatcaa,cctcgaacca,G6_2W,D4
gatgcgca,ctgcagacca,G6_3W,E4
cttcatca,accgttacca,G6_4W,F4
tccgctca,cattacgcca,P1_16,G4
gagcttca,tgagctgcca,P1_17,H4
ggaatggaa,atagtcgtaa,P1_1W,A5
agaaccgcaa,aagccaacca,P1_2W,B5
ataatcca,gaccgcga,P1_3W,C5
cgaacgca,tataagga,P1_4S,D5
ataagagaa,tggactga,P1_5S,E5
tccatagaa,tagtaata,CB_10,F5
actgacgaa,atccgata,P3_32,G5
ccgcgcgaa,tgctgcta,P3_41,H5
tctcgcataa,cctagaga,P3_42,A6
gtcgacca,ttcgtaga,P3_51,B6
tgagaagaa,ttctcataa,P3_1W,C6
catgcagaa,ccaggataa,P3_2W,D6
gacgcaagaa,agattataa,P3_3W,E6
tcaagaagaa,cagtcctaa,P3_5W,F6
ggttgaagaa,tggacgtaa,P3_4S,G6
tggaccagaa,ctcaggtaa,P3_5S,H6
agctaaga,acctcgtcca,G2_3W,A7
aacgccaa,aagaggta,G2_4W,B7
tgaagccaa,aattggagca,G2_3S,C7
atcggaccaa,aactctcgca,G2_4S,D7
ctgataccaa,aatataac,P1_12,E7
tgagagaa,cttaagac,P1_13,F7
ggtaggaa,aggacgac,P1_22,G7
ggccataa,cgcttgac,P1_23,H7
catactaa,ccagtcta,P1_24,A8
ccagaaccaa,aggcgcagca,P1_32,B8
agacgcaa,cctccaac,P1_33,C8
tagatcaa,cctatacca,P1_34,D8
aataagcaa,actccgcca,P1_42,E8
tcggagcaa,cggaggcca,P1_43,F8
ccaacgcaa,gcgttgcca,P1_51,G8
atcgcgcaa,gatcgtcca,P1_52,H8
ccttatcaa,taacggtaa,P1_CD,A9
cggtccaa,ttcaatta,P1_4W,B9
aaccgccaa,gtcagacca,P1_14,C9
ctgatccaa,aatgcaggca,P1_35,D9
accaagccaa,ttaattggca,P1_53,E9
taggagccaa,agaacttgca,P1_5W,F9
gatacgccaa,ttatgcatca,CB_11,G9
ttaactccaa,gcttgcctca,G4_25,H9
tgcgaagcaa,cgaggaagca,G4_35,A10
aggtaccaa,catctcagca,G4_44,B10
tcgcgaccaa,caggaacgca,G4_3W,C10
cattgaccaa,acctgaac,G4_4W,D10
cagcagaa,gcggtaac,G8_CD,E10
gtctcgaa,gacgagac,G8_1W,F10
ccatggaa,tattggac,G8_2W,G10
atggataa,taggctac,G8_C1,H10
ttacctaa,atatagta,G8_C2,A11
aggtaaccaa,ccgcgtta,G8_C3,B11
tctggcaa,ttgcgaac,P1_15,C11
gttctcaa,cttgagcca,P1_25,D11
cgccagcaa,ggagcgcca,P1_26,E11
gtatagcaa,ataatgcca,P1_36,F11
gagccgcaa,tagactcca,P1_37,G11
tacttgcaa,ctccttcca,P1_38,H11
ggtactcaa,aatccttaa,P1_44,A12
ctcagcaa,ggttaacca,P1_45,B12
gttggccaa,agacgacca,P1_54,C12
tctctccaa,ttggacggca,P1_55,D12
cgtcagccaa,cataattgca,CB_12,E12
gtatagccaa,caattaatca,G8_CW,F12
tcttatccaa,tattctatca,G8_C4,G12
gccgctccaa,agcatgctca,G8_C5,H12
gaaggtaa,attctggaa,G8_3W,A1
gcagttcaa,ctggatgaa,G8_4W,B1
ggtccatcaa,cttcaataa,G8_1S,C1
ttacgctcaa,ataagaacca,G8_2S,D1
gtacggca,gtcctaacca,G8_3S,E1
gcatatca,cttattacca,G8_4S,F1
agcagtca,cagagagcca,MC_1,G1
gcgcaaga,ctatcggcca,MC_2,H1
ttacctcaa,aagttgctaa,G8_3W,A2
agcctggcaa,tgcaacttaa,G8_4W,B2
cgcctcca,cttgccga,G8_1S,C2
acgccgca,acgttcga,G8_2S,D2
cgctgagaa,ctgatgga,G8_3S,E2
tagaacgaa,actgaata,G8_4S,F2
ggcgccgaa,gtagcata,MC_1,G2
ttattcgaa,gccttata,MC_2,H2